Trial,Match,RotationA,RotationB,Correct,RT
1,True,135.0,255.0,True,0.27150700000000016
2,False,225.0,165.0,False,0.23866600000000027
