Trial,Match,RotationA,RotationB,Correct,RT
1,False,292.5,352.5,True,1.6150249999999993
2,True,225.0,285.0,False,1.8782539999999983
3,True,45.0,105.0,True,1.3703300000000027
4,False,292.5,352.5,True,1.2670770000000005
5,False,22.5,142.5,True,1.1198070000000016
