Trial,Match,RotationA,RotationB,Correct,RT
1,False,112.5,52.5,True,0.9594319999999996
2,True,202.5,82.5,True,0.4984989999999998
3,False,22.5,142.5,True,1.1233209999999998
