Trial,Match,RotationA,RotationB,Correct,RT
1,False,112.5,52.5,True,0.3361259999999999
2,True,135.0,195.0,False,0.22615300000000005
